Car_ID,Make,Model,Year,Price
1,Hyundai,Elantra,2018,22358
2,Ford,Explorer,2017,14805
3,Toyota,Corolla,2021,26710
4,Hyundai,Elantra,2018,10313
5,Suzuki,Alto,2011,36732
6,Hyundai,Elantra,2022,18063
7,Toyota,Camry,2014,29256
8,Hyundai,Elantra,2010,13154
9,Honda,Civic,2026,21704
10,Toyota,Camry,2018,17872
11,Toyota,Camry,2011,15288
12,Hyundai,Elantra,2023,7031
13,Toyota,Corolla,2013,5913
14,Hyundai,Sonata,2019,7794
15,Suzuki,Alto,2012,16422
16,Toyota,Camry,2012,11284
17,Hyundai,Elantra,2026,21560
18,Ford,Explorer,2021,17461
19,Toyota,Corolla,2014,31267
20,Hyundai,Elantra,2021,32642
21,Honda,Accord,2023,30777
22,Hyundai,Sonata,2010,40402
23,Honda,Accord,2019,44499
24,Honda,Civic,2025,11138
25,Hyundai,Sonata,2025,28299
26,Suzuki,Swift,2026,35204
27,Hyundai,Elantra,2019,41779
28,Hyundai,Sonata,2023,7913
29,Ford,Explorer,2026,14074
30,Suzuki,Alto,2022,30805
31,Honda,Civic,2012,16767
32,Hyundai,Elantra,2017,37455
33,Ford,Explorer,2015,19693
34,Toyota,Camry,2013,9366
35,Suzuki,Alto,2026,8637
36,Ford,Explorer,2021,11237
37,Hyundai,Sonata,2016,33396
38,Toyota,Corolla,2017,8952
39,Toyota,Camry,2017,6317
40,Honda,Accord,2024,30173
41,Hyundai,Elantra,2023,13557
42,Honda,Accord,2014,25968
43,Suzuki,Alto,2011,15900
44,Hyundai,Elantra,2025,10091
45,Honda,Civic,2016,34886
46,Honda,Civic,2025,34028
47,Honda,Accord,2023,40254
48,Ford,Mustang,2018,7013
49,Honda,Accord,2019,27895
50,Toyota,Corolla,2016,36160
51,Honda,Civic,2014,11761
52,Hyundai,Sonata,2026,35438
53,Ford,Mustang,2024,39643
54,Suzuki,Alto,2018,17843
55,Honda,Accord,2020,41531
56,Toyota,Corolla,2024,9541
57,Hyundai,Elantra,2014,23008
58,Honda,Civic,2011,23239
59,Toyota,Corolla,2011,11303
60,Suzuki,Alto,2013,40498
61,Suzuki,Alto,2011,42222
62,Toyota,Camry,2024,36769
63,Suzuki,Swift,2025,7799
64,Ford,Explorer,2014,34188
65,Suzuki,Alto,2015,36185
66,Ford,Explorer,2023,20077
67,Ford,Explorer,2026,40949
68,Honda,Accord,2018,35375
69,Honda,Civic,2018,42793
70,Hyundai,Sonata,2019,23864
71,Suzuki,Alto,2011,12239
72,Honda,Accord,2023,35650
73,Ford,Explorer,2011,13372
74,Ford,Mustang,2010,13065
75,Suzuki,Alto,2012,16325
76,Toyota,Camry,2025,34429
77,Hyundai,Sonata,2021,33838
78,Toyota,Corolla,2020,42122
79,Honda,Accord,2018,34372
80,Ford,Explorer,2024,38089
81,Honda,Accord,2015,18841
82,Honda,Accord,2011,7946
83,Hyundai,Sonata,2012,19881
84,Honda,Accord,2010,29778
85,Honda,Civic,2026,5164
86,Ford,Explorer,2021,23789
87,Honda,Civic,2014,38657
88,Honda,Civic,2025,19995
89,Honda,Civic,2012,31556
90,Ford,Explorer,2012,42958
91,Honda,Civic,2022,14101
92,Hyundai,Elantra,2011,15966
93,Suzuki,Alto,2019,41970
94,Honda,Accord,2023,13077
95,Ford,Mustang,2014,16386
96,Honda,Accord,2022,34732
97,Ford,Explorer,2010,44580
98,Suzuki,Alto,2011,8283
99,Honda,Civic,2021,21028
100,Toyota,Camry,2018,25885
101,Hyundai,Elantra,2014,38663
102,Toyota,Corolla,2016,16380
103,Hyundai,Elantra,2025,19931
104,Suzuki,Alto,2018,28636
105,Honda,Accord,2017,10384
106,Honda,Civic,2014,34139
107,Ford,Explorer,2015,37285
108,Hyundai,Sonata,2022,38321
109,Suzuki,Alto,2014,41822
110,Toyota,Corolla,2019,12244
111,Hyundai,Elantra,2020,12175
112,Hyundai,Elantra,2013,40220
113,Honda,Accord,2026,10202
114,Suzuki,Swift,2019,30742
115,Hyundai,Elantra,2022,11311
116,Ford,Explorer,2018,20517
117,Ford,Explorer,2012,18989
118,Toyota,Camry,2025,11962
119,Honda,Accord,2025,34786
120,Suzuki,Alto,2018,10892
121,Suzuki,Alto,2013,27179
122,Honda,Civic,2023,39554
123,Honda,Accord,2017,17509
124,Honda,Civic,2010,42099
125,Hyundai,Sonata,2023,35782
126,Honda,Civic,2018,32865
127,Ford,Explorer,2013,11292
128,Honda,Civic,2026,12929
129,Suzuki,Swift,2023,22550
130,Hyundai,Elantra,2012,44796
131,Ford,Mustang,2025,19970
132,Toyota,Camry,2017,7226
133,Honda,Civic,2019,27331
134,Honda,Accord,2012,8797
135,Hyundai,Elantra,2024,15183
136,Honda,Civic,2013,43890
137,Honda,Accord,2023,9336
138,Ford,Explorer,2018,12343
139,Ford,Explorer,2021,42073
140,Honda,Accord,2015,8072
141,Toyota,Camry,2018,15114
142,Hyundai,Elantra,2025,20104
143,Honda,Civic,2018,22291
144,Suzuki,Swift,2019,43048
145,Hyundai,Elantra,2022,29816
146,Hyundai,Elantra,2017,12764
147,Honda,Civic,2019,13787
148,Toyota,Camry,2021,27425
149,Suzuki,Swift,2015,17442
150,Hyundai,Elantra,2011,16141
151,Ford,Mustang,2021,32250
152,Hyundai,Elantra,2023,11358
153,Ford,Mustang,2015,15924
154,Ford,Mustang,2022,29780
155,Ford,Explorer,2025,12855
156,Suzuki,Alto,2025,10234
157,Ford,Explorer,2023,17871
158,Toyota,Camry,2016,33642
159,Toyota,Corolla,2010,38226
160,Suzuki,Swift,2023,30198
161,Honda,Accord,2026,29972
162,Toyota,Corolla,2023,36403
163,Toyota,Corolla,2013,15228
164,Honda,Accord,2024,7494
165,Hyundai,Sonata,2011,18227
166,Honda,Civic,2012,7108
167,Hyundai,Elantra,2018,34145
168,Ford,Mustang,2021,5005
169,Honda,Accord,2023,26721
170,Suzuki,Alto,2011,8157
171,Toyota,Corolla,2012,15872
172,Honda,Civic,2026,23858
173,Toyota,Corolla,2023,14891
174,Honda,Civic,2018,43145
175,Toyota,Corolla,2020,6003
176,Ford,Mustang,2022,18453
177,Hyundai,Sonata,2018,6018
178,Suzuki,Swift,2022,24674
179,Suzuki,Swift,2018,33729
180,Honda,Accord,2014,25081
181,Toyota,Camry,2019,11866
182,Honda,Accord,2011,33791
183,Suzuki,Swift,2015,37276
184,Hyundai,Sonata,2024,22855
185,Honda,Civic,2015,38917
186,Suzuki,Swift,2021,22242
187,Ford,Explorer,2013,14291
188,Ford,Mustang,2019,43148
189,Suzuki,Alto,2026,39526
190,Ford,Mustang,2021,6319
191,Ford,Mustang,2019,43544
192,Hyundai,Sonata,2022,8704
193,Ford,Mustang,2020,30598
194,Hyundai,Elantra,2020,7517
195,Hyundai,Elantra,2014,12245
196,Suzuki,Swift,2021,7252
197,Suzuki,Swift,2020,6592
198,Toyota,Camry,2021,41160
199,Suzuki,Swift,2015,36257
200,Hyundai,Sonata,2015,6953
201,Hyundai,Elantra,2012,37074
202,Suzuki,Alto,2012,5061
203,Hyundai,Sonata,2015,5276
204,Suzuki,Swift,2026,27091
205,Suzuki,Alto,2018,34989
206,Suzuki,Alto,2025,44673
207,Honda,Accord,2023,17602
208,Toyota,Corolla,2025,5781
209,Honda,Civic,2013,28533
210,Ford,Explorer,2024,37499
211,Hyundai,Sonata,2026,8017
212,Suzuki,Swift,2024,5976
213,Toyota,Camry,2014,12696
214,Honda,Civic,2024,12899
215,Suzuki,Alto,2021,44028
216,Honda,Accord,2014,23701
217,Toyota,Camry,2019,43172
218,Suzuki,Swift,2017,43303
219,Toyota,Camry,2025,15156
220,Ford,Mustang,2026,21636
221,Hyundai,Sonata,2021,12541
222,Toyota,Camry,2018,43375
223,Honda,Civic,2015,27281
224,Suzuki,Swift,2023,29183
225,Honda,Civic,2018,33067
226,Ford,Mustang,2019,6930
227,Honda,Civic,2014,44607
228,Hyundai,Sonata,2019,32202
229,Suzuki,Swift,2015,15754
230,Hyundai,Elantra,2016,20930
231,Hyundai,Sonata,2020,12874
232,Suzuki,Alto,2016,29246
233,Ford,Mustang,2010,40559
234,Suzuki,Alto,2019,14247
235,Ford,Mustang,2023,29000
236,Honda,Accord,2018,41460
237,Honda,Accord,2017,9846
238,Suzuki,Swift,2011,8611
239,Toyota,Corolla,2024,23926
240,Hyundai,Sonata,2016,28461
241,Hyundai,Sonata,2013,39011
242,Ford,Mustang,2026,40512
243,Suzuki,Swift,2024,24446
244,Ford,Mustang,2014,38388
245,Toyota,Camry,2018,38271
246,Toyota,Corolla,2012,15684
247,Suzuki,Swift,2021,5880
248,Hyundai,Sonata,2026,12422
249,Toyota,Corolla,2015,43655
250,Hyundai,Sonata,2015,15739
251,Toyota,Corolla,2022,16466
252,Suzuki,Alto,2023,27974
253,Toyota,Camry,2022,16078
254,Hyundai,Elantra,2016,33568
255,Toyota,Camry,2010,22320
256,Toyota,Camry,2015,30494
257,Hyundai,Sonata,2026,18049
258,Toyota,Corolla,2011,8000
259,Ford,Mustang,2012,14708
260,Hyundai,Elantra,2019,26718
261,Suzuki,Alto,2018,6576
262,Ford,Explorer,2022,18297
263,Hyundai,Sonata,2010,7670
264,Hyundai,Sonata,2010,9278
265,Honda,Accord,2013,13097
266,Ford,Explorer,2022,32835
267,Toyota,Corolla,2022,37113
268,Hyundai,Elantra,2016,19513
269,Ford,Explorer,2026,38945
270,Ford,Mustang,2017,13778
271,Suzuki,Swift,2017,24456
272,Ford,Explorer,2026,15222
273,Ford,Mustang,2016,44819
274,Ford,Explorer,2023,20163
275,Hyundai,Elantra,2023,15184
276,Ford,Explorer,2022,41754
277,Honda,Accord,2021,27098
278,Ford,Mustang,2022,17515
279,Honda,Accord,2017,30231
280,Ford,Mustang,2019,27422
281,Honda,Civic,2015,35073
282,Toyota,Corolla,2020,38764
283,Ford,Mustang,2022,30727
284,Hyundai,Sonata,2023,36796
285,Toyota,Corolla,2020,14582
286,Hyundai,Sonata,2010,25357
287,Ford,Explorer,2010,33986
288,Honda,Civic,2010,27135
289,Hyundai,Sonata,2016,11854
290,Suzuki,Swift,2020,28923
291,Hyundai,Sonata,2025,23746
292,Toyota,Corolla,2017,34453
293,Honda,Civic,2019,43478
294,Suzuki,Alto,2023,35627
295,Ford,Mustang,2016,23420
296,Ford,Mustang,2013,34580
297,Ford,Mustang,2023,32443
298,Honda,Accord,2013,7701
299,Toyota,Corolla,2011,12487
300,Ford,Mustang,2022,12607
301,Toyota,Corolla,2010,39009
302,Hyundai,Elantra,2022,14306
303,Honda,Accord,2017,42544
304,Suzuki,Swift,2020,44117
305,Hyundai,Elantra,2019,35091
306,Honda,Accord,2023,13936
307,Suzuki,Swift,2010,14854
308,Ford,Mustang,2013,35819
309,Ford,Mustang,2018,20900
310,Suzuki,Alto,2011,32986
311,Toyota,Camry,2019,30280
312,Suzuki,Alto,2010,10238
313,Ford,Explorer,2012,37146
314,Hyundai,Sonata,2022,7084
315,Ford,Explorer,2016,22605
316,Honda,Civic,2024,24467
317,Toyota,Corolla,2023,23940
318,Toyota,Camry,2019,18932
319,Ford,Explorer,2012,21525
320,Suzuki,Swift,2024,21566
321,Toyota,Camry,2014,35910
322,Hyundai,Elantra,2010,19608
323,Suzuki,Swift,2015,39538
324,Honda,Accord,2025,23295
325,Suzuki,Alto,2011,20054
326,Ford,Explorer,2017,25464
327,Honda,Civic,2021,16388
328,Ford,Mustang,2013,5290
329,Toyota,Corolla,2024,43661
330,Toyota,Corolla,2020,40816
331,Toyota,Corolla,2022,12406
332,Suzuki,Swift,2014,41374
333,Toyota,Camry,2021,5734
334,Honda,Civic,2020,22285
335,Honda,Accord,2014,39300
336,Toyota,Camry,2010,33668
337,Honda,Accord,2019,43437
338,Suzuki,Swift,2016,11493
339,Toyota,Camry,2024,27218
340,Suzuki,Alto,2011,13961
341,Toyota,Camry,2026,8313
342,Ford,Mustang,2016,27578
343,Hyundai,Elantra,2010,31423
344,Toyota,Camry,2023,30996
345,Honda,Accord,2024,26380
346,Toyota,Corolla,2018,28617
347,Ford,Mustang,2010,19256
348,Toyota,Camry,2016,44715
349,Suzuki,Alto,2020,22943
350,Toyota,Camry,2011,40907
351,Honda,Civic,2026,44440
352,Honda,Accord,2020,32210
353,Hyundai,Elantra,2013,35931
354,Ford,Explorer,2010,34018
355,Toyota,Corolla,2023,29968
356,Ford,Mustang,2010,16636
357,Ford,Explorer,2013,40006
358,Hyundai,Sonata,2015,21965
359,Suzuki,Swift,2014,10251
360,Ford,Mustang,2015,15470
361,Hyundai,Elantra,2015,20537
362,Ford,Explorer,2016,27969
363,Toyota,Camry,2017,29687
364,Toyota,Corolla,2018,41535
365,Honda,Accord,2012,27773
366,Suzuki,Alto,2015,23589
367,Honda,Civic,2017,42407
368,Ford,Mustang,2025,16271
369,Ford,Mustang,2013,26288
370,Honda,Accord,2014,43553
371,Honda,Civic,2011,13080
372,Hyundai,Elantra,2018,15770
373,Suzuki,Swift,2021,17161
374,Ford,Explorer,2015,7060
375,Ford,Mustang,2026,39268
376,Toyota,Corolla,2017,19106
377,Toyota,Corolla,2023,13846
378,Ford,Explorer,2018,34290
379,Hyundai,Sonata,2012,6579
380,Suzuki,Alto,2013,32667
381,Honda,Accord,2012,42047
382,Hyundai,Elantra,2010,22604
383,Suzuki,Alto,2018,16616
384,Honda,Civic,2013,16205
385,Toyota,Corolla,2024,30580
386,Honda,Accord,2022,6745
387,Honda,Accord,2022,25904
388,Toyota,Camry,2019,37168
389,Toyota,Corolla,2024,31339
390,Hyundai,Elantra,2021,27161
391,Honda,Civic,2023,37882
392,Ford,Explorer,2022,15005
393,Toyota,Corolla,2021,20383
394,Honda,Accord,2021,17863
395,Suzuki,Swift,2019,26815
396,Hyundai,Sonata,2015,20867
397,Suzuki,Alto,2019,38020
398,Honda,Accord,2013,38581
399,Toyota,Corolla,2012,25487
400,Hyundai,Sonata,2022,44344
401,Hyundai,Sonata,2023,28213
402,Honda,Accord,2016,34311
403,Suzuki,Swift,2013,16071
404,Hyundai,Sonata,2013,9258
405,Ford,Mustang,2026,12395
406,Suzuki,Alto,2022,44914
407,Toyota,Camry,2021,32650
408,Hyundai,Sonata,2010,25623
409,Toyota,Camry,2014,40580
410,Ford,Mustang,2016,34246
411,Ford,Mustang,2026,10528
412,Suzuki,Alto,2014,5992
413,Hyundai,Elantra,2023,36569
414,Suzuki,Swift,2011,22856
415,Suzuki,Alto,2017,36938
416,Hyundai,Sonata,2024,19967
417,Toyota,Camry,2015,32547
418,Hyundai,Elantra,2016,11724
419,Toyota,Corolla,2012,31056
420,Hyundai,Elantra,2020,22013
421,Toyota,Corolla,2022,21709
422,Honda,Accord,2016,11229
423,Suzuki,Alto,2017,42880
424,Toyota,Corolla,2026,24476
425,Ford,Explorer,2022,11303
426,Hyundai,Elantra,2013,29719
427,Honda,Civic,2025,22434
428,Hyundai,Elantra,2017,24552
429,Toyota,Corolla,2010,28080
430,Toyota,Camry,2019,27297
431,Hyundai,Sonata,2024,40384
432,Honda,Accord,2014,14636
433,Honda,Accord,2024,34264
434,Toyota,Corolla,2025,23873
435,Ford,Explorer,2019,26879
436,Toyota,Corolla,2014,6976
437,Suzuki,Alto,2013,28728
438,Honda,Accord,2022,5579
439,Suzuki,Alto,2018,42637
440,Toyota,Corolla,2023,34271
441,Honda,Civic,2015,34280
442,Honda,Accord,2019,12504
443,Suzuki,Swift,2012,27813
444,Honda,Civic,2021,32255
445,Ford,Explorer,2018,7745
446,Suzuki,Alto,2014,28301
447,Toyota,Corolla,2024,33003
448,Suzuki,Alto,2015,40573
449,Toyota,Camry,2017,8452
450,Hyundai,Sonata,2017,29882
451,Honda,Accord,2014,7114
452,Ford,Explorer,2023,37655
453,Toyota,Camry,2014,8883
454,Toyota,Camry,2020,13887
455,Hyundai,Elantra,2012,36804
456,Ford,Mustang,2018,29458
457,Suzuki,Alto,2017,24691
458,Ford,Mustang,2010,24339
459,Ford,Explorer,2012,25106
460,Ford,Mustang,2015,39320
461,Honda,Accord,2012,44116
462,Honda,Civic,2015,29256
463,Ford,Explorer,2018,29409
464,Suzuki,Swift,2010,16470
465,Ford,Mustang,2011,25501
466,Hyundai,Sonata,2018,36094
467,Hyundai,Elantra,2021,43275
468,Toyota,Camry,2017,29260
469,Honda,Civic,2014,26311
470,Suzuki,Swift,2026,43985
471,Toyota,Corolla,2013,21539
472,Hyundai,Elantra,2023,32846
473,Ford,Mustang,2019,25991
474,Suzuki,Swift,2023,30615
475,Toyota,Corolla,2015,25807
476,Suzuki,Swift,2014,42371
477,Honda,Accord,2023,42689
478,Suzuki,Alto,2017,35887
479,Honda,Civic,2013,42035
480,Toyota,Corolla,2011,18604
481,Honda,Civic,2012,21855
482,Hyundai,Sonata,2018,42034
483,Ford,Explorer,2012,8103
484,Hyundai,Elantra,2015,6315
485,Hyundai,Elantra,2025,43086
486,Honda,Accord,2011,44036
487,Toyota,Corolla,2016,43951
488,Hyundai,Sonata,2026,24176
489,Hyundai,Sonata,2026,19606
490,Toyota,Corolla,2019,20623
491,Honda,Accord,2013,27616
492,Toyota,Corolla,2020,38197
493,Suzuki,Swift,2011,44554
494,Ford,Mustang,2022,42034
495,Hyundai,Sonata,2024,24614
496,Suzuki,Alto,2011,12732
497,Suzuki,Swift,2025,22674
498,Suzuki,Alto,2015,29706
499,Hyundai,Elantra,2024,17313
500,Ford,Mustang,2014,39738
501,Hyundai,Elantra,2017,17476
502,Toyota,Camry,2012,34551
503,Hyundai,Elantra,2012,15910
504,Honda,Accord,2026,40972
505,Suzuki,Swift,2015,20700
506,Hyundai,Elantra,2010,25040
507,Ford,Explorer,2025,20649
508,Suzuki,Swift,2019,25629
509,Hyundai,Elantra,2021,19727
510,Ford,Mustang,2010,38706
511,Ford,Explorer,2026,22270
512,Toyota,Camry,2018,17005
513,Ford,Explorer,2016,34376
514,Hyundai,Sonata,2024,11976
515,Suzuki,Alto,2020,11468
516,Toyota,Camry,2016,26453
517,Hyundai,Sonata,2010,30079
518,Hyundai,Elantra,2021,8204
519,Ford,Mustang,2011,26628
520,Hyundai,Elantra,2019,30331
521,Suzuki,Alto,2010,8672
522,Ford,Explorer,2016,17648
523,Honda,Civic,2011,20324
524,Suzuki,Swift,2025,19035
525,Hyundai,Sonata,2018,21437
526,Toyota,Camry,2019,22454
527,Ford,Explorer,2018,31998
528,Honda,Accord,2017,15715
529,Ford,Mustang,2016,25076
530,Suzuki,Swift,2018,19878
531,Ford,Explorer,2023,8620
532,Ford,Mustang,2011,7749
533,Suzuki,Swift,2022,5147
534,Honda,Accord,2014,13695
535,Honda,Accord,2014,19300
536,Hyundai,Elantra,2026,10634
537,Hyundai,Elantra,2026,16076
538,Ford,Explorer,2014,38917
539,Hyundai,Elantra,2025,32918
540,Suzuki,Alto,2025,36114
541,Ford,Explorer,2018,10973
542,Toyota,Corolla,2014,12262
543,Suzuki,Swift,2014,33578
544,Toyota,Corolla,2026,19824
545,Ford,Mustang,2018,38905
546,Ford,Mustang,2010,15640
547,Suzuki,Alto,2013,23737
548,Hyundai,Elantra,2014,26807
549,Toyota,Corolla,2017,15325
550,Honda,Civic,2010,31538
551,Suzuki,Swift,2023,26270
552,Ford,Mustang,2016,32531
553,Ford,Explorer,2014,20103
554,Ford,Explorer,2020,36026
555,Toyota,Camry,2024,20697
556,Toyota,Corolla,2025,26807
557,Suzuki,Swift,2012,17815
558,Ford,Mustang,2015,42686
559,Ford,Mustang,2013,13646
560,Suzuki,Swift,2024,25039
561,Honda,Civic,2016,21477
562,Honda,Civic,2015,41652
563,Hyundai,Elantra,2012,24272
564,Ford,Mustang,2016,20980
565,Hyundai,Sonata,2017,17686
566,Ford,Mustang,2010,41952
567,Toyota,Camry,2014,34819
568,Honda,Accord,2015,25456
569,Hyundai,Sonata,2026,21385
570,Toyota,Corolla,2018,11199
571,Hyundai,Sonata,2022,24357
572,Hyundai,Sonata,2010,6650
573,Toyota,Camry,2020,26892
574,Ford,Explorer,2018,23987
575,Hyundai,Elantra,2013,43038
576,Toyota,Corolla,2010,41614
577,Honda,Accord,2014,31335
578,Toyota,Camry,2016,5947
579,Ford,Explorer,2013,27463
580,Suzuki,Alto,2023,40961
581,Ford,Explorer,2013,13560
582,Toyota,Camry,2010,25839
583,Hyundai,Elantra,2021,42171
584,Hyundai,Elantra,2018,25995
585,Suzuki,Alto,2016,5311
586,Hyundai,Elantra,2018,43321
587,Honda,Accord,2016,36771
588,Toyota,Corolla,2013,38117
589,Honda,Accord,2010,34163
590,Hyundai,Sonata,2011,26816
591,Hyundai,Elantra,2014,27505
592,Hyundai,Sonata,2012,30813
593,Ford,Explorer,2013,32889
594,Ford,Mustang,2017,41290
595,Toyota,Corolla,2014,38026
596,Toyota,Corolla,2018,43917
597,Ford,Explorer,2026,18191
598,Honda,Civic,2026,27285
599,Hyundai,Elantra,2010,10165
600,Suzuki,Swift,2020,14365
601,Hyundai,Elantra,2022,26883
602,Honda,Accord,2017,42581
603,Toyota,Corolla,2015,25256
604,Suzuki,Alto,2020,29567
605,Hyundai,Sonata,2010,42127
606,Honda,Accord,2021,32963
607,Suzuki,Alto,2018,9179
608,Ford,Mustang,2013,23537
609,Honda,Civic,2026,14603
610,Suzuki,Swift,2015,23350
611,Hyundai,Sonata,2010,40276
612,Suzuki,Alto,2016,43653
613,Ford,Mustang,2016,15876
614,Toyota,Corolla,2023,9484
615,Suzuki,Swift,2011,19933
616,Suzuki,Alto,2018,19936
617,Hyundai,Elantra,2019,43184
618,Toyota,Camry,2026,17659
619,Suzuki,Swift,2014,20190
620,Ford,Explorer,2026,18057
621,Ford,Explorer,2026,42446
622,Hyundai,Elantra,2025,19741
623,Honda,Civic,2024,35669
624,Hyundai,Elantra,2023,41437
625,Suzuki,Alto,2024,44340
626,Ford,Mustang,2016,7833
627,Hyundai,Elantra,2023,29723
628,Suzuki,Swift,2025,37619
629,Ford,Explorer,2014,25132
630,Suzuki,Swift,2011,24834
631,Hyundai,Elantra,2022,41735
632,Hyundai,Sonata,2025,32521
633,Suzuki,Swift,2013,15749
634,Ford,Mustang,2022,18096
635,Hyundai,Sonata,2016,20993
636,Suzuki,Swift,2010,41369
637,Hyundai,Elantra,2022,23850
638,Honda,Civic,2012,31346
639,Hyundai,Sonata,2017,31825
640,Toyota,Camry,2022,28935
641,Suzuki,Alto,2018,21351
642,Suzuki,Alto,2018,43136
643,Ford,Explorer,2011,39700
644,Ford,Mustang,2019,41463
645,Ford,Explorer,2010,20979
646,Honda,Civic,2026,23915
647,Hyundai,Elantra,2013,41687
648,Ford,Mustang,2026,30953
649,Toyota,Camry,2018,26752
650,Ford,Explorer,2021,8113
651,Suzuki,Alto,2015,20628
652,Ford,Explorer,2023,36917
653,Honda,Accord,2014,6145
654,Suzuki,Swift,2013,26019
655,Suzuki,Alto,2025,37333
656,Honda,Civic,2012,39714
657,Toyota,Corolla,2023,15067
658,Suzuki,Swift,2024,7584
659,Ford,Mustang,2019,27716
660,Toyota,Corolla,2026,29422
661,Honda,Civic,2010,39998
662,Toyota,Camry,2015,22717
663,Toyota,Camry,2018,43200
664,Hyundai,Sonata,2019,21116
665,Hyundai,Sonata,2023,9078
666,Ford,Mustang,2014,20801
667,Hyundai,Elantra,2016,20733
668,Hyundai,Sonata,2023,44530
669,Hyundai,Elantra,2011,10493
670,Hyundai,Elantra,2025,29689
671,Honda,Accord,2016,5390
672,Toyota,Camry,2017,33222
673,Honda,Civic,2025,27424
674,Ford,Mustang,2015,25317
675,Hyundai,Elantra,2025,24651
676,Toyota,Camry,2016,13618
677,Ford,Mustang,2013,29164
678,Ford,Mustang,2021,8942
679,Honda,Accord,2012,28997
680,Hyundai,Elantra,2012,41398
681,Ford,Explorer,2023,5293
682,Suzuki,Swift,2022,33952
683,Toyota,Corolla,2019,42574
684,Hyundai,Sonata,2026,18627
685,Ford,Explorer,2011,34197
686,Honda,Civic,2024,27817
687,Ford,Mustang,2015,38457
688,Ford,Explorer,2026,18795
689,Hyundai,Sonata,2018,23658
690,Suzuki,Swift,2010,23611
691,Ford,Explorer,2012,9247
692,Hyundai,Elantra,2014,5284
693,Ford,Mustang,2015,18809
694,Ford,Mustang,2025,9101
695,Honda,Civic,2021,18483
696,Hyundai,Sonata,2022,41521
697,Suzuki,Alto,2026,28590
698,Honda,Civic,2013,31052
699,Toyota,Camry,2011,35853
700,Toyota,Camry,2026,11559
701,Suzuki,Swift,2011,26719
702,Suzuki,Alto,2014,16229
703,Ford,Explorer,2014,21494
704,Suzuki,Swift,2026,23413
705,Honda,Civic,2024,11553
706,Toyota,Corolla,2024,17412
707,Toyota,Corolla,2025,25985
708,Honda,Civic,2018,42345
709,Suzuki,Swift,2018,22266
710,Suzuki,Alto,2014,36280
711,Hyundai,Sonata,2025,25805
712,Ford,Explorer,2021,29631
713,Toyota,Corolla,2023,30734
714,Honda,Civic,2026,16174
715,Hyundai,Sonata,2015,21638
716,Honda,Accord,2018,21998
717,Suzuki,Alto,2023,8413
718,Suzuki,Swift,2010,17944
719,Toyota,Corolla,2024,12335
720,Ford,Explorer,2019,17393
721,Suzuki,Swift,2017,8279
722,Hyundai,Sonata,2011,6548
723,Ford,Mustang,2026,15003
724,Hyundai,Sonata,2022,28113
725,Suzuki,Swift,2026,39408
726,Ford,Mustang,2019,40406
727,Honda,Civic,2019,31727
728,Toyota,Corolla,2014,40341
729,Ford,Explorer,2026,41327
730,Hyundai,Elantra,2015,24951
731,Hyundai,Sonata,2010,5182
732,Hyundai,Elantra,2014,27321
733,Ford,Mustang,2013,33398
734,Toyota,Corolla,2017,41341
735,Toyota,Camry,2011,18426
736,Honda,Accord,2013,35297
737,Toyota,Camry,2012,26471
738,Honda,Accord,2011,16030
739,Suzuki,Swift,2024,31114
740,Honda,Accord,2015,42790
741,Suzuki,Swift,2010,22498
742,Toyota,Corolla,2025,43151
743,Toyota,Corolla,2026,37312
744,Hyundai,Sonata,2018,44028
745,Suzuki,Alto,2019,33114
746,Suzuki,Alto,2011,17943
747,Toyota,Corolla,2019,36154
748,Ford,Explorer,2023,23461
749,Toyota,Camry,2023,19760
750,Honda,Civic,2019,7830
751,Honda,Accord,2016,33466
752,Honda,Accord,2025,16296
753,Honda,Civic,2020,30170
754,Suzuki,Swift,2012,37008
755,Ford,Explorer,2022,27718
756,Ford,Mustang,2016,15620
757,Ford,Mustang,2022,28148
758,Suzuki,Swift,2014,44584
759,Honda,Accord,2020,32183
760,Toyota,Corolla,2011,27066
761,Toyota,Corolla,2013,8313
762,Suzuki,Alto,2014,6284
763,Suzuki,Swift,2023,16913
764,Honda,Civic,2015,37137
765,Honda,Accord,2016,42583
766,Suzuki,Alto,2025,29071
767,Hyundai,Elantra,2020,27024
768,Honda,Civic,2017,21376
769,Honda,Civic,2023,43428
770,Suzuki,Alto,2019,10979
771,Honda,Accord,2011,8835
772,Suzuki,Alto,2011,42704
773,Honda,Civic,2023,11595
774,Honda,Civic,2026,10357
775,Ford,Mustang,2026,38218
776,Hyundai,Sonata,2022,31522
777,Toyota,Camry,2023,22513
778,Toyota,Camry,2017,26757
779,Hyundai,Elantra,2010,43718
780,Toyota,Corolla,2026,25408
781,Toyota,Camry,2017,21653
782,Toyota,Camry,2018,10654
783,Honda,Accord,2022,41865
784,Suzuki,Swift,2015,6934
785,Suzuki,Swift,2018,7004
786,Suzuki,Swift,2020,37018
787,Honda,Civic,2016,30423
788,Toyota,Corolla,2015,41375
789,Ford,Mustang,2019,16329
790,Suzuki,Swift,2016,17855
791,Hyundai,Elantra,2013,12732
792,Ford,Explorer,2013,44443
793,Toyota,Camry,2024,38828
794,Honda,Accord,2015,15356
795,Ford,Mustang,2017,11549
796,Suzuki,Alto,2016,25857
797,Ford,Explorer,2022,13619
798,Hyundai,Sonata,2017,17980
799,Hyundai,Elantra,2024,11461
800,Honda,Accord,2018,36732
801,Honda,Accord,2025,11661
802,Ford,Mustang,2021,27731
803,Ford,Explorer,2019,9989
804,Toyota,Camry,2023,33087
805,Suzuki,Alto,2012,5163
806,Suzuki,Alto,2024,19662
807,Honda,Civic,2019,31550
808,Hyundai,Elantra,2012,18360
809,Toyota,Corolla,2012,44283
810,Hyundai,Elantra,2014,11535
811,Toyota,Camry,2010,26107
812,Honda,Civic,2025,11782
813,Suzuki,Alto,2016,12653
814,Suzuki,Alto,2014,41046
815,Ford,Explorer,2015,31562
816,Suzuki,Alto,2018,21018
817,Hyundai,Elantra,2020,38023
818,Ford,Mustang,2026,8505
819,Honda,Civic,2011,31168
820,Toyota,Corolla,2021,24515
821,Honda,Civic,2015,8727
822,Suzuki,Alto,2020,9696
823,Toyota,Camry,2026,31442
824,Honda,Civic,2026,40840
825,Hyundai,Sonata,2023,8701
826,Ford,Explorer,2015,11949
827,Hyundai,Elantra,2020,37789
828,Honda,Civic,2010,23259
829,Toyota,Corolla,2010,44188
830,Ford,Mustang,2013,34807
831,Hyundai,Elantra,2015,16870
832,Suzuki,Swift,2019,34938
833,Toyota,Camry,2026,43290
834,Hyundai,Sonata,2024,37068
835,Hyundai,Elantra,2023,29167
836,Toyota,Corolla,2014,9617
837,Honda,Accord,2026,14201
838,Suzuki,Swift,2026,28248
839,Honda,Civic,2018,16407
840,Ford,Mustang,2023,26067
841,Hyundai,Sonata,2010,8194
842,Hyundai,Elantra,2023,27369
843,Suzuki,Alto,2012,7903
844,Suzuki,Swift,2011,28803
845,Toyota,Corolla,2014,22787
846,Suzuki,Swift,2016,20675
847,Toyota,Camry,2024,10579
848,Hyundai,Elantra,2022,12988
849,Honda,Accord,2019,29276
850,Ford,Explorer,2024,28949
851,Hyundai,Elantra,2020,23792
852,Hyundai,Sonata,2025,40029
853,Ford,Explorer,2024,14409
854,Ford,Mustang,2019,40314
855,Honda,Accord,2010,14697
856,Toyota,Camry,2013,41848
857,Suzuki,Swift,2022,18424
858,Toyota,Corolla,2013,9681
859,Toyota,Camry,2013,39987
860,Toyota,Corolla,2013,11464
861,Ford,Explorer,2017,9701
862,Hyundai,Sonata,2024,9990
863,Suzuki,Swift,2025,25871
864,Hyundai,Elantra,2023,9574
865,Ford,Mustang,2019,18529
866,Suzuki,Alto,2010,33401
867,Suzuki,Alto,2020,15364
868,Hyundai,Sonata,2017,25027
869,Hyundai,Elantra,2015,27928
870,Suzuki,Swift,2013,25719
871,Suzuki,Swift,2025,27280
872,Toyota,Camry,2014,8874
873,Toyota,Corolla,2023,33814
874,Toyota,Camry,2017,43440
875,Honda,Civic,2016,20187
876,Hyundai,Elantra,2024,37861
877,Ford,Explorer,2024,15727
878,Ford,Explorer,2015,34384
879,Ford,Explorer,2016,28527
880,Suzuki,Swift,2018,15559
881,Honda,Civic,2010,13335
882,Honda,Accord,2018,41140
883,Ford,Mustang,2010,7395
884,Toyota,Camry,2014,12945
885,Honda,Accord,2013,9586
886,Hyundai,Elantra,2012,24178
887,Honda,Accord,2015,31386
888,Ford,Explorer,2025,14830
889,Suzuki,Alto,2022,10728
890,Hyundai,Sonata,2015,5283
891,Suzuki,Alto,2011,7407
892,Hyundai,Elantra,2018,24725
893,Ford,Mustang,2010,30649
894,Toyota,Camry,2018,28910
895,Toyota,Corolla,2023,43160
896,Suzuki,Swift,2017,7388
897,Suzuki,Swift,2015,34999
898,Toyota,Corolla,2012,16183
899,Ford,Mustang,2016,36398
900,Toyota,Corolla,2024,13291
901,Honda,Civic,2020,20432
902,Honda,Civic,2025,6561
903,Toyota,Corolla,2019,11695
904,Toyota,Camry,2018,10904
905,Ford,Mustang,2015,20425
906,Ford,Explorer,2016,41447
907,Hyundai,Sonata,2018,18878
908,Hyundai,Elantra,2022,8404
909,Honda,Accord,2013,39864
910,Toyota,Camry,2022,30524
911,Suzuki,Alto,2020,43067
912,Hyundai,Sonata,2017,39186
913,Hyundai,Sonata,2017,41789
914,Hyundai,Elantra,2020,35590
915,Honda,Accord,2021,35238
916,Honda,Civic,2014,10574
917,Suzuki,Swift,2021,14676
918,Ford,Explorer,2022,42639
919,Toyota,Camry,2026,20540
920,Honda,Civic,2019,23298
921,Hyundai,Sonata,2018,11464
922,Hyundai,Elantra,2018,14138
923,Hyundai,Sonata,2020,35885
924,Honda,Accord,2019,14576
925,Suzuki,Alto,2019,39818
926,Suzuki,Alto,2015,22161
927,Ford,Mustang,2018,34391
928,Suzuki,Alto,2024,6575
929,Hyundai,Sonata,2019,30104
930,Honda,Accord,2018,28220
931,Suzuki,Swift,2024,35824
932,Honda,Civic,2015,41861
933,Toyota,Camry,2017,23380
934,Ford,Mustang,2018,11897
935,Hyundai,Sonata,2021,34430
936,Suzuki,Swift,2013,6285
937,Ford,Mustang,2024,5943
938,Honda,Civic,2018,29816
939,Hyundai,Elantra,2021,40204
940,Suzuki,Alto,2023,30677
941,Hyundai,Elantra,2026,11909
942,Hyundai,Elantra,2023,24450
943,Honda,Accord,2012,17842
944,Honda,Civic,2011,25303
945,Ford,Explorer,2023,40673
946,Honda,Civic,2024,11548
947,Hyundai,Elantra,2020,30504
948,Suzuki,Swift,2015,31717
949,Toyota,Camry,2014,43068
950,Honda,Civic,2011,31128
951,Honda,Accord,2019,23517
952,Toyota,Corolla,2011,15222
953,Hyundai,Sonata,2025,9597
954,Toyota,Camry,2015,5343
955,Honda,Civic,2022,7449
956,Hyundai,Sonata,2014,39293
957,Toyota,Camry,2018,22881
958,Ford,Explorer,2020,22351
959,Honda,Civic,2021,32712
960,Toyota,Corolla,2010,7995
961,Honda,Accord,2014,15528
962,Honda,Accord,2019,17375
963,Honda,Accord,2011,31535
964,Hyundai,Sonata,2017,31729
965,Suzuki,Swift,2020,31119
966,Honda,Accord,2013,19002
967,Hyundai,Elantra,2021,27933
968,Suzuki,Swift,2012,8257
969,Honda,Accord,2012,16363
970,Suzuki,Swift,2026,5015
971,Toyota,Camry,2026,35633
972,Suzuki,Alto,2024,15321
973,Honda,Civic,2014,44059
974,Suzuki,Swift,2011,38624
975,Suzuki,Alto,2013,8797
976,Suzuki,Alto,2022,38687
977,Ford,Explorer,2015,39231
978,Suzuki,Swift,2022,25875
979,Ford,Explorer,2015,37766
980,Suzuki,Alto,2024,26261
981,Honda,Accord,2013,38309
982,Honda,Accord,2024,30671
983,Ford,Explorer,2015,14597
984,Suzuki,Swift,2021,8665
985,Hyundai,Sonata,2021,10402
986,Suzuki,Alto,2012,34952
987,Suzuki,Alto,2012,12777
988,Hyundai,Elantra,2020,34907
989,Suzuki,Alto,2022,12769
990,Toyota,Corolla,2025,38406
991,Hyundai,Elantra,2021,32372
992,Suzuki,Swift,2024,17027
993,Suzuki,Swift,2019,38456
994,Suzuki,Swift,2018,19058
995,Toyota,Corolla,2022,14631
996,Toyota,Camry,2024,6651
997,Suzuki,Alto,2013,42918
998,Ford,Mustang,2020,13486
999,Suzuki,Swift,2022,14942
1000,Suzuki,Swift,2014,38609
1001,Suzuki,Alto,2017,18564
1002,Toyota,Camry,2021,35732
1003,Ford,Mustang,2011,17893
1004,Hyundai,Sonata,2018,20093
1005,Hyundai,Sonata,2022,9287
1006,Ford,Mustang,2026,21710
1007,Honda,Civic,2020,38069
1008,Toyota,Camry,2021,8319
1009,Ford,Explorer,2025,41639
1010,Suzuki,Swift,2015,44893
1011,Suzuki,Alto,2011,20580
1012,Toyota,Corolla,2014,13494
1013,Hyundai,Elantra,2015,18259
1014,Honda,Civic,2024,34155
1015,Suzuki,Swift,2025,13566
1016,Ford,Explorer,2020,18434
1017,Suzuki,Alto,2014,30126
1018,Hyundai,Sonata,2026,10029
1019,Hyundai,Elantra,2014,22673
1020,Honda,Civic,2010,34222
1021,Ford,Mustang,2025,27060
1022,Hyundai,Sonata,2017,9772
1023,Suzuki,Swift,2021,44854
1024,Hyundai,Sonata,2015,27146
1025,Toyota,Camry,2024,42376
1026,Hyundai,Elantra,2015,33597
1027,Ford,Mustang,2021,20131
1028,Toyota,Corolla,2013,21307
1029,Suzuki,Alto,2021,39078
1030,Ford,Mustang,2025,27919
1031,Ford,Explorer,2023,25771
1032,Hyundai,Elantra,2020,17464
1033,Ford,Explorer,2018,22835
1034,Ford,Mustang,2010,33026
1035,Suzuki,Alto,2016,40636
1036,Honda,Accord,2010,33532
1037,Honda,Accord,2011,42390
1038,Ford,Explorer,2021,14963
1039,Ford,Mustang,2016,9467
1040,Suzuki,Alto,2016,43243
1041,Toyota,Camry,2019,21511
1042,Ford,Explorer,2021,40685
1043,Suzuki,Alto,2015,16518
1044,Toyota,Camry,2010,31978
1045,Suzuki,Swift,2026,29604
1046,Honda,Civic,2023,22277
1047,Toyota,Corolla,2026,42444
1048,Hyundai,Elantra,2014,42265
1049,Toyota,Corolla,2019,13521
1050,Honda,Civic,2010,24115
1051,Hyundai,Sonata,2020,36422
1052,Toyota,Camry,2026,33251
1053,Hyundai,Sonata,2010,29792
1054,Ford,Mustang,2023,9931
1055,Honda,Civic,2011,27020
1056,Suzuki,Alto,2013,6349
1057,Ford,Explorer,2022,7308
1058,Honda,Accord,2013,5848
1059,Honda,Accord,2014,5786
1060,Suzuki,Swift,2014,10929
1061,Honda,Accord,2022,32220
1062,Honda,Civic,2018,41596
1063,Ford,Explorer,2011,31193
1064,Toyota,Corolla,2016,26529
1065,Hyundai,Elantra,2019,9800
1066,Ford,Explorer,2012,41836
1067,Toyota,Camry,2019,35167
1068,Hyundai,Elantra,2016,42807
1069,Hyundai,Elantra,2023,19625
1070,Suzuki,Alto,2024,8588
1071,Toyota,Camry,2014,44067
1072,Ford,Mustang,2012,24594
1073,Hyundai,Elantra,2012,9324
1074,Honda,Accord,2021,31235
1075,Hyundai,Elantra,2022,38031
1076,Suzuki,Swift,2013,39959
1077,Suzuki,Swift,2022,38326
1078,Toyota,Corolla,2017,26166
1079,Ford,Explorer,2017,34092
1080,Honda,Civic,2023,19895
1081,Hyundai,Elantra,2016,24053
1082,Suzuki,Alto,2019,39989
1083,Honda,Civic,2025,19558
1084,Suzuki,Swift,2017,33638
1085,Suzuki,Swift,2018,33128
1086,Ford,Mustang,2018,42046
1087,Toyota,Corolla,2012,5522
1088,Honda,Civic,2021,17034
1089,Toyota,Camry,2018,12506
1090,Honda,Accord,2013,34597
1091,Suzuki,Swift,2013,42679
1092,Suzuki,Alto,2013,15340
1093,Honda,Accord,2019,26179
1094,Suzuki,Alto,2016,14833
1095,Honda,Civic,2018,26464
1096,Toyota,Camry,2026,32860
1097,Hyundai,Sonata,2011,17589
1098,Honda,Civic,2010,20621
1099,Suzuki,Swift,2012,28652
1100,Suzuki,Alto,2020,43373
1101,Toyota,Corolla,2023,28571
1102,Ford,Explorer,2019,5022
1103,Honda,Civic,2018,37349
1104,Suzuki,Alto,2012,28985
1105,Ford,Explorer,2026,5947
1106,Suzuki,Swift,2010,10089
1107,Ford,Explorer,2026,7180
1108,Suzuki,Alto,2012,42618
1109,Hyundai,Elantra,2019,15501
1110,Toyota,Corolla,2016,44503
1111,Hyundai,Elantra,2017,34418
1112,Suzuki,Swift,2023,22749
1113,Suzuki,Swift,2012,36967
1114,Hyundai,Sonata,2017,7828
1115,Honda,Accord,2010,38659
1116,Toyota,Corolla,2017,20221
1117,Suzuki,Alto,2016,34405
1118,Hyundai,Sonata,2022,16903
1119,Ford,Explorer,2023,19861
1120,Suzuki,Alto,2013,10159
1121,Toyota,Corolla,2014,17073
1122,Ford,Explorer,2018,40492
1123,Hyundai,Elantra,2010,9637
1124,Hyundai,Sonata,2011,29745
1125,Ford,Mustang,2011,36814
1126,Toyota,Camry,2022,16626
1127,Suzuki,Swift,2015,35996
1128,Ford,Explorer,2018,35389
1129,Ford,Explorer,2019,41853
1130,Ford,Explorer,2023,28345
1131,Ford,Explorer,2016,21231
1132,Honda,Accord,2017,43017
1133,Honda,Accord,2026,35278
1134,Honda,Accord,2011,21872
1135,Hyundai,Elantra,2016,33013
1136,Toyota,Corolla,2014,6992
1137,Suzuki,Swift,2025,24404
1138,Suzuki,Alto,2023,27868
1139,Suzuki,Alto,2014,15445
1140,Suzuki,Swift,2023,26098
1141,Ford,Mustang,2025,35713
1142,Honda,Civic,2011,38182
1143,Toyota,Corolla,2019,25112
1144,Ford,Mustang,2025,34641
1145,Ford,Explorer,2019,30280
1146,Ford,Mustang,2019,26887
1147,Suzuki,Swift,2014,16384
1148,Ford,Mustang,2024,28705
1149,Toyota,Camry,2022,43472
1150,Toyota,Corolla,2025,16748
1151,Suzuki,Swift,2020,8003
1152,Toyota,Camry,2013,13162
1153,Ford,Mustang,2011,35029
1154,Ford,Explorer,2020,5156
1155,Honda,Accord,2014,27625
1156,Suzuki,Alto,2016,5705
1157,Hyundai,Sonata,2017,26789
1158,Honda,Accord,2012,37129
1159,Ford,Explorer,2018,16452
1160,Hyundai,Elantra,2017,13525
1161,Suzuki,Alto,2026,9229
1162,Ford,Mustang,2022,36151
1163,Hyundai,Sonata,2011,37997
1164,Suzuki,Swift,2017,36676
1165,Ford,Mustang,2026,38592
1166,Suzuki,Alto,2014,10230
1167,Suzuki,Swift,2016,5703
1168,Suzuki,Alto,2013,17290
1169,Suzuki,Swift,2019,34695
1170,Hyundai,Elantra,2021,20319
1171,Hyundai,Elantra,2018,38448
1172,Hyundai,Sonata,2022,27171
1173,Suzuki,Alto,2018,37892
1174,Ford,Mustang,2019,27338
1175,Honda,Civic,2010,25347
1176,Honda,Accord,2025,19557
1177,Honda,Civic,2016,32310
1178,Toyota,Corolla,2015,27592
1179,Ford,Mustang,2011,29275
1180,Hyundai,Elantra,2021,33836
1181,Honda,Civic,2017,23644
1182,Suzuki,Alto,2021,24004
1183,Toyota,Camry,2024,37470
1184,Ford,Mustang,2016,30061
1185,Suzuki,Swift,2011,8952
1186,Ford,Mustang,2022,24195
1187,Honda,Civic,2018,43780
1188,Honda,Accord,2025,11002
1189,Toyota,Corolla,2016,42115
1190,Toyota,Camry,2016,8844
1191,Honda,Civic,2014,19269
1192,Hyundai,Elantra,2023,38611
1193,Suzuki,Swift,2019,33099
1194,Toyota,Camry,2014,12587
1195,Honda,Civic,2023,35722
1196,Suzuki,Swift,2019,43149
1197,Ford,Explorer,2011,10677
1198,Ford,Explorer,2012,17028
1199,Ford,Explorer,2015,19348
1200,Ford,Mustang,2024,14599
1201,Hyundai,Elantra,2015,22657
1202,Toyota,Corolla,2018,18021
1203,Hyundai,Sonata,2022,24813
1204,Honda,Civic,2020,10573
1205,Ford,Mustang,2014,33994
1206,Ford,Explorer,2026,38544
1207,Toyota,Corolla,2026,15095
1208,Toyota,Camry,2011,29501
1209,Suzuki,Swift,2023,27791
1210,Honda,Civic,2024,21450
1211,Suzuki,Alto,2023,42282
1212,Toyota,Camry,2015,27055
1213,Hyundai,Elantra,2011,24519
1214,Ford,Mustang,2010,7771
1215,Toyota,Camry,2023,28986
1216,Ford,Mustang,2025,5989
1217,Toyota,Camry,2022,35211
1218,Honda,Civic,2020,32860
1219,Suzuki,Alto,2018,13323
1220,Toyota,Camry,2018,41327
1221,Toyota,Corolla,2025,12800
1222,Honda,Accord,2023,16640
1223,Hyundai,Elantra,2011,30312
1224,Suzuki,Alto,2026,41199
1225,Toyota,Camry,2013,40435
1226,Toyota,Camry,2013,13432
1227,Suzuki,Alto,2024,5654
1228,Hyundai,Elantra,2023,27960
1229,Ford,Explorer,2022,19166
1230,Hyundai,Elantra,2020,31499
1231,Ford,Explorer,2024,11047
1232,Suzuki,Swift,2012,18647
1233,Honda,Accord,2026,32660
1234,Ford,Explorer,2025,35707
1235,Hyundai,Elantra,2023,17104
1236,Toyota,Camry,2022,5179
1237,Ford,Mustang,2023,34098
1238,Toyota,Corolla,2015,32596
1239,Toyota,Corolla,2023,32393
1240,Hyundai,Sonata,2020,31203
1241,Suzuki,Alto,2018,37135
1242,Suzuki,Alto,2019,42034
1243,Honda,Civic,2017,39002
1244,Toyota,Camry,2017,29170
1245,Honda,Civic,2017,41334
1246,Toyota,Camry,2026,30529
1247,Toyota,Corolla,2024,19362
1248,Suzuki,Alto,2017,21777
1249,Suzuki,Alto,2019,22028
1250,Suzuki,Alto,2011,28804
1251,Honda,Accord,2012,12045
1252,Toyota,Corolla,2016,5699
1253,Ford,Mustang,2013,33621
1254,Suzuki,Swift,2021,5787
1255,Honda,Civic,2020,18085
1256,Hyundai,Elantra,2016,23515
1257,Hyundai,Sonata,2014,6934
1258,Ford,Explorer,2013,10290
1259,Hyundai,Sonata,2017,34364
1260,Hyundai,Sonata,2022,41331
1261,Hyundai,Sonata,2025,5568
1262,Suzuki,Alto,2020,11651
1263,Ford,Mustang,2018,9235
1264,Suzuki,Swift,2024,19894
1265,Suzuki,Swift,2022,11663
1266,Hyundai,Sonata,2023,20012
1267,Hyundai,Sonata,2017,30297
1268,Suzuki,Alto,2024,10921
1269,Suzuki,Swift,2011,43713
1270,Toyota,Camry,2018,6522
1271,Suzuki,Swift,2018,28862
1272,Honda,Accord,2020,14761
1273,Toyota,Corolla,2011,21940
1274,Honda,Civic,2019,30105
1275,Ford,Mustang,2011,40712
1276,Toyota,Camry,2025,28615
1277,Ford,Explorer,2013,10047
1278,Honda,Civic,2010,35316
1279,Hyundai,Sonata,2018,18349
1280,Honda,Civic,2012,29097
1281,Toyota,Corolla,2019,28468
1282,Hyundai,Sonata,2017,8889
1283,Ford,Mustang,2018,43238
1284,Ford,Mustang,2018,12227
1285,Suzuki,Alto,2015,43338
1286,Honda,Accord,2021,32311
1287,Honda,Civic,2014,22049
1288,Ford,Mustang,2013,41280
1289,Ford,Mustang,2013,16309
1290,Hyundai,Sonata,2014,26773
1291,Suzuki,Swift,2026,33728
1292,Toyota,Camry,2019,24684
1293,Hyundai,Sonata,2011,17650
1294,Hyundai,Sonata,2011,8538
1295,Hyundai,Sonata,2018,36531
1296,Hyundai,Sonata,2014,9110
1297,Honda,Accord,2022,21819
1298,Toyota,Camry,2010,16221
1299,Suzuki,Alto,2023,6341
1300,Suzuki,Alto,2022,24812
1301,Hyundai,Sonata,2010,27205
1302,Hyundai,Sonata,2023,16375
1303,Hyundai,Elantra,2016,32310
1304,Ford,Mustang,2018,6028
1305,Toyota,Corolla,2014,30897
1306,Suzuki,Alto,2015,9065
1307,Hyundai,Elantra,2018,21945
1308,Honda,Accord,2020,24745
1309,Ford,Explorer,2022,30574
1310,Toyota,Corolla,2013,12661
1311,Toyota,Corolla,2015,5664
1312,Honda,Civic,2012,35243
1313,Suzuki,Swift,2026,23958
1314,Hyundai,Sonata,2026,26496
1315,Honda,Accord,2017,25523
1316,Honda,Civic,2026,23306
1317,Ford,Explorer,2025,23824
1318,Hyundai,Elantra,2025,24244
1319,Toyota,Camry,2018,28764
1320,Hyundai,Elantra,2010,7303
1321,Toyota,Corolla,2022,21240
1322,Suzuki,Swift,2022,28944
1323,Ford,Mustang,2012,12858
1324,Honda,Civic,2019,11740
1325,Hyundai,Sonata,2012,26236
1326,Honda,Accord,2018,10155
1327,Honda,Civic,2022,29786
1328,Hyundai,Sonata,2025,40587
1329,Honda,Civic,2011,40179
1330,Honda,Civic,2016,5380
1331,Toyota,Camry,2021,8113
1332,Honda,Civic,2022,30176
1333,Hyundai,Elantra,2019,44279
1334,Toyota,Camry,2022,27130
1335,Toyota,Camry,2023,44289
1336,Hyundai,Elantra,2018,39016
1337,Suzuki,Alto,2017,27705
1338,Honda,Civic,2011,37233
1339,Toyota,Corolla,2024,26207
1340,Ford,Explorer,2016,41648
1341,Hyundai,Sonata,2011,28884
1342,Hyundai,Elantra,2014,31787
1343,Hyundai,Elantra,2014,30873
1344,Toyota,Corolla,2026,14577
1345,Hyundai,Elantra,2021,13265
1346,Toyota,Camry,2023,19745
1347,Ford,Mustang,2026,11069
1348,Ford,Explorer,2023,37752
1349,Suzuki,Alto,2023,10318
1350,Hyundai,Sonata,2022,22468
1351,Suzuki,Swift,2022,41211
1352,Hyundai,Sonata,2017,27010
1353,Toyota,Camry,2017,42057
1354,Toyota,Camry,2026,14726
1355,Suzuki,Swift,2022,13186
1356,Toyota,Camry,2016,20110
1357,Ford,Mustang,2025,34143
1358,Honda,Civic,2017,19570
1359,Toyota,Corolla,2017,42877
1360,Suzuki,Swift,2025,17274
1361,Hyundai,Elantra,2017,17405
1362,Honda,Accord,2021,44414
1363,Ford,Mustang,2022,27438
1364,Suzuki,Swift,2019,39249
1365,Hyundai,Elantra,2014,44176
1366,Hyundai,Sonata,2013,26877
1367,Hyundai,Sonata,2024,5030
1368,Toyota,Camry,2018,16743
1369,Toyota,Corolla,2012,7368
1370,Ford,Mustang,2022,8460
1371,Suzuki,Alto,2017,17982
1372,Honda,Accord,2013,25719
1373,Ford,Explorer,2026,24578
1374,Toyota,Corolla,2017,31783
1375,Honda,Civic,2011,6257
1376,Toyota,Camry,2020,24307
1377,Ford,Mustang,2022,12302
1378,Ford,Mustang,2010,32708
1379,Suzuki,Alto,2023,21975
1380,Ford,Mustang,2015,34732
1381,Ford,Explorer,2014,20787
1382,Suzuki,Alto,2012,43701
1383,Hyundai,Sonata,2021,29182
1384,Toyota,Camry,2018,43186
1385,Suzuki,Swift,2024,11142
1386,Toyota,Camry,2023,35140
1387,Honda,Accord,2016,33153
1388,Suzuki,Alto,2015,25864
1389,Ford,Mustang,2025,37600
1390,Suzuki,Swift,2015,27909
1391,Ford,Mustang,2011,27540
1392,Hyundai,Sonata,2010,30716
1393,Suzuki,Swift,2012,30047
1394,Ford,Mustang,2011,42731
1395,Hyundai,Sonata,2021,13587
1396,Suzuki,Alto,2016,22763
1397,Honda,Civic,2013,29817
1398,Honda,Accord,2019,26807
1399,Toyota,Corolla,2022,18244
1400,Hyundai,Sonata,2024,35655
1401,Toyota,Camry,2019,14383
1402,Suzuki,Alto,2013,20046
1403,Honda,Accord,2011,9643
1404,Suzuki,Alto,2011,30036
1405,Suzuki,Alto,2025,37167
1406,Toyota,Corolla,2012,21039
1407,Ford,Explorer,2020,11810
1408,Hyundai,Elantra,2023,29423
1409,Toyota,Camry,2024,31957
1410,Hyundai,Elantra,2012,43293
1411,Suzuki,Alto,2024,27643
1412,Toyota,Corolla,2013,5589
1413,Hyundai,Elantra,2019,20103
1414,Ford,Explorer,2021,31163
1415,Ford,Mustang,2019,12450
1416,Honda,Civic,2022,34621
1417,Toyota,Corolla,2010,37973
1418,Suzuki,Alto,2023,37495
1419,Ford,Mustang,2021,24249
1420,Suzuki,Alto,2019,12724
1421,Toyota,Camry,2022,40721
1422,Toyota,Corolla,2025,34300
1423,Toyota,Corolla,2013,29586
1424,Toyota,Corolla,2026,11021
1425,Toyota,Corolla,2012,16040
1426,Ford,Mustang,2021,30745
1427,Suzuki,Swift,2011,6874
1428,Toyota,Corolla,2021,38705
1429,Honda,Accord,2018,32705
1430,Hyundai,Elantra,2020,34608
1431,Toyota,Camry,2014,37322
1432,Suzuki,Swift,2024,41586
1433,Honda,Accord,2021,38430
1434,Ford,Explorer,2013,31704
1435,Hyundai,Sonata,2010,19337
1436,Toyota,Camry,2024,42702
1437,Honda,Accord,2010,34586
1438,Toyota,Camry,2018,25190
1439,Hyundai,Sonata,2019,9239
1440,Honda,Accord,2023,16357
1441,Hyundai,Sonata,2024,17822
1442,Ford,Explorer,2013,13044
1443,Suzuki,Alto,2014,19645
1444,Hyundai,Sonata,2023,31209
1445,Toyota,Corolla,2019,12518
1446,Hyundai,Elantra,2018,11169
1447,Ford,Explorer,2024,34528
1448,Suzuki,Swift,2013,22981
1449,Hyundai,Elantra,2010,5482
1450,Suzuki,Alto,2014,8889
1451,Toyota,Corolla,2023,31552
1452,Suzuki,Swift,2023,16680
1453,Toyota,Camry,2018,15036
1454,Suzuki,Alto,2016,10751
1455,Hyundai,Sonata,2010,37517
1456,Hyundai,Elantra,2014,39594
1457,Hyundai,Elantra,2017,9828
1458,Suzuki,Alto,2024,29011
1459,Suzuki,Swift,2025,19993
1460,Hyundai,Sonata,2021,33634
1461,Hyundai,Sonata,2021,24459
1462,Hyundai,Sonata,2014,19309
1463,Honda,Civic,2022,18986
1464,Hyundai,Elantra,2021,37828
1465,Hyundai,Sonata,2022,13733
1466,Hyundai,Elantra,2018,5123
1467,Toyota,Camry,2015,32634
1468,Suzuki,Alto,2016,34164
1469,Honda,Civic,2016,42441
1470,Toyota,Camry,2012,33234
1471,Ford,Explorer,2014,27374
1472,Suzuki,Swift,2018,8241
1473,Suzuki,Swift,2014,24788
1474,Honda,Accord,2013,27427
1475,Suzuki,Swift,2022,18665
1476,Honda,Accord,2025,43127
1477,Suzuki,Swift,2021,13645
1478,Toyota,Corolla,2026,16476
1479,Honda,Accord,2026,40234
1480,Honda,Civic,2012,29433
1481,Ford,Mustang,2014,34273
1482,Ford,Explorer,2014,27105
1483,Suzuki,Alto,2011,9689
1484,Ford,Mustang,2023,5361
1485,Ford,Mustang,2016,28788
1486,Hyundai,Elantra,2023,44748
1487,Suzuki,Swift,2021,11492
1488,Ford,Mustang,2010,22116
1489,Ford,Explorer,2011,27676
1490,Ford,Mustang,2023,10222
1491,Hyundai,Sonata,2010,8615
1492,Suzuki,Swift,2014,24360
1493,Hyundai,Sonata,2012,37149
1494,Honda,Accord,2019,23524
1495,Toyota,Corolla,2024,36505
1496,Toyota,Corolla,2016,40970
1497,Hyundai,Sonata,2014,16279
1498,Toyota,Corolla,2020,11945
1499,Honda,Accord,2010,6578
1500,Ford,Mustang,2017,33839
